1030480,MARTIN,Emma,2005,9,15,22,emartin@entreprise.com,0612345678,2023,3,20,Commercial,65000
1030481,LEFEBVRE,Louis,2002,3,8,23,llouis@entreprise.com,0654321098,2022,11,10,Comptable,45000
1030482,ROBERT,Léa,2001,11,27,24,lrobert@entreprise.com,0648392017,2024,2,5,Formation,38000
1030483,DUVAL,Gabriel,2006,5,10,25,gabriel.duval@entreprise.com,0678901234,2023,8,12,Gestionnaire,60000
1030484,PETIT,Clara,2000,12,3,26,clara.petit@entreprise.com,0601020304,2025,1,18,Gestionnaire,40000
1030485,THOMAS,Hugo,1999,8,20,27,hugothomas@entreprise.com,0681726354,2022,5,29,Commercial,80000
1030486,LEROY,Inès,2003,6,7,28,ines.leroy@entreprise.com,0647382910,2023,10,8,Commercial,50000
1030487,BOUCHER,Adam,2004,2,14,29,adam_boucher@entreprise.com,0674839201,2024,6,15,Chauffeur,35000
1030488,PHILIPPE,Chloé,2002,10,31,30,chloephilippe@entreprise.com,0658374920,2023,4,3,Commercial,45000
1030489,ROY,Mathis,2001,4,25,31,mathisroy@entreprise.com,0609483721,2022,9,17,Contrat,65000
1030490,GARCIA,Manon,2000,1,18,32,manon.garcia@entreprise.com,0672819405,2024,11,22,Formation,38000
1030491,FERNANDEZ,Lucas,2005,7,12,33,lucasf@entreprise.com,0618273940,2023,6,9,Comptable,60000
1030492,LOPEZ,Eva,2006,9,29,34,eva.lopez@entreprise.com,0650391847,2022,3,14,Formation,40000
1030493,SANSON,Noah,2002,11,5,35,noah_s@entreprise.com,0674538910,2024,7,31,Commercial,50000
1030494,MOREAU,Inès,1999,3,16,36,inesmoreau@entreprise.com,0612345678,2025,5,3,Commercial,80000
1030495,DUBOIS,Nathan,2001,5,30,37,nathan_d@entreprise.com,0647382910,2023,2,27,Gestionnaire,65000
1030496,LAURENT,Emma,2004,8,9,38,emma.laurent@entreprise.com,0681726354,2024,9,14,Contrat,45000
1030497,GIRARD,Enzo,2003,10,22,39,enzog@entreprise.com,0674839201,2022,8,18,Chauffeur,35000
1030498,ROUSSEAU,Louise,2000,12,7,40,louise.rousseau@entreprise.com,0658374920,2023,1,11,Comptable,38000
1030499,RENARD,Léo,2001,2,3,41,leo.renard@entreprise.com,0609483721,2024,4,5,Comptable,60000
1234567890,DUPOND,ANTOINE,1993,2,22,54,f.dupond@outlook.fr,0634218345,1990,2,1,DIRECTION GENERALE,750000
099843598309,FETARD,Martin,1980,12,2,55,directeurope@outlook.fr,0654218356,1990,2,2,DIRECTION DES OPERATIONS,75007
123421,FIESTA,iljil,2,2,2,56,ljlksjzhlfe@lzhelfrkzjeh,0581934286,1995,2,2,DIRECTION COMMERCIALE,75000
1209302495,FORGE,lkjmlsz,22,2,22,57,kjhfkljhl@lkjhzelfrkjhzerf,0643218221,2003,2,2,COMMERCIAL,2000
03495038594,GRIPSOUS,Flair,2000,12,2,58,mjlifmjlkze@ljhkjrhfez,056542413,2003,12,2,DIRECTION FINANCIERE,75007
1030600,DIRIGOLO,Antoine,2000,12,2,59,mjlifmjlkze@ljhkjrhfez,056542413,2003,12,2,DIRECTION DES RH,75007
